#NBADraft,156205
Warriors,107204
Knicks,90537
Lavar,79518
Klay,67783
Charlotte,63051
Melo,59170
Hornets,55109
Anthony Edwards,52927
apple juice,52835
Sixers,51556
Bulls,47229
Celtics,44750
HBO Max,42955
Deni,35571
Obi Toppin,33653
#AEWDynamite,32124
Spurs,31227
Pistons,29576
#FreshPrinceReunion,27575
Patrick Williams,22224
Sheck Wes,20676
Bane,20317
Maxey,20096
Bobby Brown,16947
Haliburton,16794
Cole Anthony,16594
Shams,15916
Achilles,15563
76ers,14580
Mavs,14526
Nesmith,12604
RJ Hampton,11924
Seth Curry,11262
#RHOSLC,<10K
Tre Jones,<10K
#ChicagoPD,<10K
Josh Richardson,<10K
Nico Mannion,<10K
Tyrell Terry,<10K
Payton Pritchard,<10K
Myles Powell,<10K
Kennard,<10K
Quickley,<10K
Daryl Morey,<10K
Shamet,<10K
Cassius Winston,<10K
Josh Green,<10K
Jalen Smith,<10K
Doc Rivers,<10K
