Mr. President,86248
Saweetie,78327
Kayleigh,74479
Let Americans,47880
Quavo,44914
Autism Speaks,43559
Kyle Rittenhouse,43317
Geraldo,37415
Emmy,36346
Aurora,31817
Portland,31750
#GiftAGamer,31120
Raptors,27983
Taysom Hill,24305
Kaitlan,22718
Hayward,19199
#Sweepstakes,18856
Indiana,18293
Edward Norton,18217
In-N-Out,17710
Turner,17230
Bogdan,14903
Predator,13751
Deadpool 3,13548
Mayfair Mall,11839
Indy,11599
End of Story,10942
Happy Thanksgiving,10409
#NERevs,<10K
#FreeCodeFridayContest,<10K
#2KFest,<10K
Del Taco,<10K
Kanter,<10K
Quando Rondo,<10K
Oladipo,<10K
Summer Walker,<10K
Lenox,<10K
Black Lightning,<10K
Whiteside,<10K
Sally Yates,<10K
Five Guys,<10K
Pacers,<10K
TJ Warren,<10K
Shuri,<10K
Wisconsin Mall,<10K
Bridgeport,<10K
liams,<10K
Katamari Damacy,<10K
Ainge,<10K
FFAR,<10K
