#NBADraft,157535
Knicks,90745
Afghanistan,85529
Lavar,79657
Klay,68048
Charlotte,63224
Rubio,56189
Hornets,55278
LaMelo Ball,53471
apple juice,53058
Dallas,51801
Sharkboy,50112
Wiseman,48922
Iraq,47210
Logan Paul,37351
Deni,35673
Obi Toppin,33716
Seth,33661
Lavagirl,32979
Luka,25618
#WWENXT,22978
Portland,20782
Maxey,20258
Denver,20009
Cole Anthony,16647
Mavs,14711
Taliban,12408
Vassell,12292
RJ Hampton,11958
Scott Morrison,11752
#ScomosGapYear,<10K
#WarCrimes,<10K
#RoboScomo,<10K
Josh Green,<10K
lewis jetta,<10K
David McBride,<10K
Angus Campbell,<10K
Kennard,<10K
The Hague,<10K
Benalla,<10K
Nick McKenzie,<10K
John Howard,<10K
gleeson,<10K
Pinkenba Six,<10K
25 Australian,<10K
Jack de Belin,<10K
ANZAC,<10K
Defence Force,<10K
sasr,<10K
State Bank of India,<10K
