President Biden,349805
#WorldChildrensDay,151180
Santa,114279
Mr. President,86530
Kayleigh,74967
Minnesota,67993
Let Americans,48039
Quavo,45119
Kyle Rittenhouse,44004
Autism Speaks,43678
Geraldo,37510
Emmy,37103
#FridayThoughts,35679
#GiftAGamer,31285
Raptors,28076
Goku,27654
Taysom Hill,24348
Kaitlan,22908
Hayward,19641
Jay Z,19246
Edward Norton,18282
In-N-Out,17889
Turner,17488
Bogdan,15011
Predator,13827
Deadpool 3,13604
Mayfair Mall,12137
End of Story,11011
Happy Thanksgiving,10449
Sean Payton,<10K
#FreeCodeFridayContest,<10K
#2KFest,<10K
Del Taco,<10K
Quando Rondo,<10K
Kanter,<10K
Oladipo,<10K
Summer Walker,<10K
Lenox,<10K
Black Lightning,<10K
Whiteside,<10K
Five Guys,<10K
Sally Yates,<10K
Pacers,<10K
Shuri,<10K
TJ Warren,<10K
Wisconsin mall,<10K
Goran,<10K
Bridgeport,<10K
liams,<10K
Katamari Damacy,<10K
