Hearts,107668
Monaco,35055
Saints,32750
#GiftAGamer,31469
Mbappe,20107
Deadpool 3,13630
Zones,11072
#inventaword,<10K
#Gogglebox,<10K
#TheRapGameUK,<10K
#TEAMGRAFT,<10K
Ruthie,<10K
Mo Farah,<10K
Fabregas,<10K
Sam Simmonds,<10K
Dunfermline,<10K
Jan Morris,<10K
Juke,<10K
karanka,<10K
Prince Edward,<10K
Hogan,<10K
Leko,<10K
Tuchel,<10K
Catalans,<10K
Ancelotti,<10K
Halliday,<10K
Pars,<10K
Andy Pandy,<10K
Scott Disick,<10K
Summer Walker,<10K
Shogun,<10K
Boyce,<10K
Chizzy,<10K
Jose De Sousa,<10K
Naismith,<10K
Frear,<10K
Eyal,<10K
Coventry,<10K
Popescu,<10K
paul burrell,<10K
Giles,<10K
quins,<10K
neilson,<10K
Eddie Jones,<10K
Jimmy Somerville,<10K
Pigeons,<10K
Morelos,<10K
Bill and Ben,<10K
Maloney,<10K
they might be giants,<10K
