#NBADraft,156008
Warriors,106236
Knicks,90452
Lavar,79389
Klay,67666
Charlotte,62987
Melo,59106
Hornets,54987
Anthony Edwards,52886
apple juice,52712
Sixers,51395
Bulls,47160
Celtics,44557
HBO Max,42842
Deni,35557
Obi Toppin,33628
#AEWDynamite,32099
Spurs,31070
Pistons,29526
#FreshPrinceReunion,27469
Patrick Williams,22205
Sheck Wes,20625
Bane,20276
Maxey,20051
Bobby Brown,16835
Haliburton,16786
Cole Anthony,16561
Shams,15900
Achilles,15554
Mavs,14449
76ers,14359
Nesmith,12576
RJ Hampton,11899
Seth Curry,11096
#RHOSLC,<10K
Tre Jones,<10K
#ChicagoPD,<10K
Josh Richardson,<10K
Payton Pritchard,<10K
Tyrell Terry,<10K
Kennard,<10K
Myles Powell,<10K
Quickley,<10K
Daryl Morey,<10K
Shamet,<10K
Nico Mannion,<10K
Josh Green,<10K
Jalen Smith,<10K
Doc Rivers,<10K
Cassius Winston,<10K
